{
    "full_graph": {
        "num_nodes": 50000,
        "num_edges": 347573,
        "num_features": 30,
        "num_fraud": 148,
        "num_normal": 49852
    },
    "splits": {
        "train_nodes": 30000,
        "val_nodes": 10000,
        "test_nodes": 10000
    },
    "train_original": {
        "total": 30000,
        "fraud": 89,
        "normal": 29911
    },
    "train_balanced": {
        "total": 44866,
        "fraud": 14955,
        "normal": 29911
    },
    "class_weights": {
        "normal": 0.5014877469827154,
        "fraud": 168.53932584269663
    }
}